ticker,q,fecha_earnings,retorno_pct,retorno_5d,direccion,target,eps_surprise_pct,eps_surprise_trend,eps_surprise_zscore,momentum_5d,momentum_20d,volatility_20d,momentum_agreement,score_positivo,score_negativo,score_neutral,polaridad,kw_positivos,kw_negativos,kw_ratio,kw_cat_enc,uncertainty_score,forward_guidance_score,text_length_log,question_density,negative_words_score,tiene_transcripcion
AAPL,2020-Q1,2020-01-28,4.98,0.3652,SUBE,0,10.6195,0.0,0.0933209814891575,-3.0684,6.5675,1.3268,0,0.2252,0.0161,0.7588,0.2091,1.0,0.0,0.5,1,1.7956,0.2762,6.5862,0.2093,0.0,1
AAPL,2020-Q2,2020-04-30,0.47,3.3833,SUBE,1,14.2857,10.6195,0.4238718610064222,4.2123,13.1503,2.867,1,0.1291,0.0167,0.8542,0.1124,1.0,1.0,0.0,0,0.6906,0.0,6.5862,0.1136,0.2762,1
AAPL,2020-Q3,2020-07-30,11.81,18.414,SUBE,1,25.0,12.4526,1.3898915239849365,-2.2951,4.2105,1.7631,0,0.1512,0.0738,0.775,0.0774,1.0,1.0,0.0,0,0.9589,0.274,6.5944,0.1818,0.137,1
AAPL,2020-Q4,2020-10-29,-2.1,3.2171,BAJA,1,4.2857,19.64285,-0.47774528895065793,-4.8516,-3.9807,2.5351,1,0.4234,0.0134,0.5632,0.41,2.0,0.0,0.6667,1,1.3514,0.2703,6.608,0.1458,0.0,1
AAPL,2021-Q1,2021-01-27,-4.24,-5.7159,BAJA,0,18.3099,14.64285,0.7867006344921502,11.9925,8.4792,2.1102,1,0.1431,0.0166,0.8404,0.1265,3.0,0.0,0.75,1,0.646,0.2584,6.6529,0.0784,0.0,1
AAPL,2021-Q2,2021-04-28,-0.68,-4.1024,BAJA,0,41.4141,11.297799999999999,2.869814930095987,0.9616,10.7093,1.36,1,0.5473,0.02,0.4328,0.5273,2.0,0.0,0.6667,1,0.9749,0.4178,6.5779,0.098,0.0,1
AAPL,2021-Q3,2021-07-27,-2.69,0.402,BAJA,0,28.7129,29.862,1.7246529555925008,4.5911,11.93,1.3615,1,0.1893,0.0328,0.7779,0.1565,2.0,0.0,0.6667,1,1.6129,0.4032,6.6134,0.1774,0.0,1
AAPL,2021-Q4,2021-10-28,0.64,-1.0552,SUBE,0,0.0,35.0635,-0.8641513509077637,-0.2747,4.2149,1.0185,0,0.0621,0.0375,0.9005,0.0246,0.0,1.0,-0.5,-1,1.0811,0.0,6.608,0.1111,0.2703,1
AAPL,2022-Q1,2022-01-27,6.66,8.5919,SUBE,1,11.1111,14.35645,0.13764448058104756,-3.9343,-10.932,1.2995,1,0.0854,0.0384,0.8762,0.047,0.0,4.0,-0.8,-1,1.5027,0.0,6.5971,0.1778,0.2732,1
AAPL,2022-Q2,2022-04-28,0.69,-4.1982,SUBE,0,6.2937,5.55555,-0.29670056523927624,-6.3745,-12.5112,1.7171,1,0.0,0.0,1.0,0.0,0.0,0.0,0.0,0,0.0,0.0,0.0,0.0,0.0,0
AAPL,2022-Q3,2022-07-28,3.65,5.3765,SUBE,1,4.3478,8.7024,-0.47214624644942443,2.4503,14.0789,1.5989,1,0.2217,0.0314,0.7469,0.1903,2.0,2.0,0.0,0,1.511,0.2747,6.5917,0.1277,0.0,1
AAPL,2022-Q4,2022-10-27,4.28,-4.0884,SUBE,0,1.5748,5.32075,-0.7221646821325228,3.8162,-0.327,2.2011,0,0.0,0.0,1.0,0.0,0.0,0.0,0.0,0,0.0,0.0,0.0,0.0,0.0,0
AAPL,2023-Q1,2023-02-02,6.24,0.0331,SUBE,0,-3.5897,2.9613,-1.187804859227857,2.5166,16.2789,1.3092,1,0.146,0.0199,0.8341,0.1261,0.0,1.0,-0.5,-1,0.6983,0.0,6.5751,0.1887,0.2793,1
AAPL,2023-Q2,2023-05-04,3.65,4.8013,SUBE,1,6.2937,-1.00745,-0.29670056523927624,2.2533,1.0988,1.2407,1,0.0,0.0,1.0,0.0,0.0,0.0,0.0,0,0.0,0.0,0.0,0.0,0.0,0
AAPL,2023-Q3,2023-08-03,-5.5,-6.9049,BAJA,0,5.8824,1.3520000000000003,-0.333784078617011,-0.9871,0.6533,0.8502,0,0.0,0.0,1.0,0.0,0.0,0.0,0.0,0,0.0,0.0,0.0,0.0,0.0,0
AAPL,2023-Q4,2023-11-02,1.54,2.7257,SUBE,0,5.036,6.08805,-0.41009695418937825,1.6774,0.1785,1.1093,1,0.0,0.0,1.0,0.0,0.0,0.0,0.0,0,0.0,0.0,0.0,0.0,0.0,0
AAPL,2024-Q1,2024-02-01,0.79,0.7813,SUBE,0,3.8095,5.459199999999999,-0.5206802976316142,-5.1928,-0.6679,1.3621,1,0.0,0.0,1.0,0.0,0.0,0.0,0.0,0,0.0,0.0,0.0,0.0,0.0,0
AAPL,2024-Q2,2024-05-02,8.32,6.6694,SUBE,1,1.3245,4.42275,-0.7447321593959485,0.1656,-0.2063,1.5869,0,0.0,0.0,1.0,0.0,0.0,0.0,0.0,0,0.0,0.0,0.0,0.0,0.0,0
AAPL,2024-Q3,2024-08-01,-1.0,-2.3127,BAJA,0,4.4776,2.567,-0.4604432558429816,1.6198,0.8217,1.4989,1,0.0,0.0,1.0,0.0,0.0,0.0,0.0,0,0.0,0.0,0.0,0.0,0.0,0
AAPL,2024-Q4,2024-10-31,-3.12,0.695,BAJA,0,2.5,2.9010499999999997,-0.6387470634184937,-0.286,1.464,1.2102,0,0.0,0.0,1.0,0.0,0.0,0.0,0.0,0,0.0,0.0,0.0,0.0,0.0,0
AMD,2020-Q4,2020-10-27,-7.09,-2.9158,BAJA,0,13.8889,0.0,0.7775644716868491,0.2805,3.46,2.443,1,0.114,0.0167,0.8694,0.0973,1.0,0.0,0.5,1,1.0139,0.507,6.672,0.1064,0.0,1
AMD,2021-Q1,2021-01-26,-5.62,-6.1767,BAJA,0,8.3333,13.8889,0.10962841149976882,6.7113,2.8181,2.2674,1,0.509,0.0154,0.4756,0.4936,2.0,0.0,0.6667,1,1.8106,0.4178,6.5779,0.12,0.0,1
AMD,2021-Q2,2021-04-27,-1.63,-7.7456,BAJA,0,18.1818,11.1111,1.2936892309886554,5.3014,10.3346,2.8449,1,0.9547,0.0175,0.0278,0.9372,4.0,0.0,0.8,1,0.9288,0.4644,6.4723,0.0244,0.0,1
AMD,2021-Q3,2021-07-27,6.65,23.6515,SUBE,1,16.6667,13.257549999999998,1.111532501780389,6.0522,7.2413,2.0467,1,0.174,0.0107,0.8153,0.1633,1.0,0.0,0.5,1,0.5141,0.2571,5.9661,0.1111,0.0,1
AMD,2021-Q4,2021-10-26,-0.07,3.8233,BAJA,1,10.6061,17.424249999999997,0.38288153944152054,5.0932,13.1287,1.7602,1,0.0,0.0,1.0,0.0,0.0,0.0,0.0,0,0.0,0.0,0.0,0.0,0.0,0
AMD,2022-Q1,2022-02-01,7.45,9.8048,SUBE,1,21.0526,13.636399999999998,1.638838421280446,-1.9566,-20.6046,3.879,1,0.0813,0.0376,0.8811,0.0437,1.0,1.0,0.0,0,1.7426,0.6702,6.6161,0.0952,0.0,1
AMD,2022-Q2,2022-05-03,10.66,-2.6336,SUBE,0,22.8261,15.829350000000002,1.852061943985786,-0.9373,-16.9609,3.5175,1,0.8536,0.0819,0.0644,0.7717,5.0,2.0,0.375,1,0.3215,0.3215,6.4345,0.0,0.4823,1
AMD,2022-Q3,2022-08-02,1.35,-3.7768,SUBE,0,0.9615,21.939350000000005,-0.7766648868815252,10.5552,31.3696,2.7166,1,0.0,0.0,1.0,0.0,0.0,0.0,0.0,0,0.0,0.0,0.0,0.0,0.0,0
AMD,2022-Q4,2022-11-01,-2.38,7.0231,BAJA,1,-4.2857,11.8938,-1.4075227771208598,2.3169,-9.1514,4.1743,0,0.0,0.0,1.0,0.0,0.0,0.0,0.0,0,0.0,0.0,0.0,0.0,0.0,0
AMD,2023-Q1,2023-01-31,16.83,14.318,SUBE,1,2.9851,-1.6621000000000001,-0.5333724591699234,-5.3312,11.7711,3.2326,0,0.0,0.0,1.0,0.0,0.0,0.0,0.0,0,0.0,0.0,0.0,0.0,0.0,0
AMD,2023-Q2,2023-04-25,-1.86,7.2912,BAJA,1,7.1429,-0.6503000000000001,-0.03349043903783286,-2.5593,-10.5972,1.5897,1,0.0,0.0,1.0,0.0,0.0,0.0,0.0,0,0.0,0.0,0.0,0.0,0.0,0
AMD,2023-Q3,2023-08-01,-4.41,-3.716,BAJA,0,1.7544,5.064,-0.6813364791267668,3.4265,0.4302,1.944,1,0.0,0.0,1.0,0.0,0.0,0.0,0.0,0,0.0,0.0,0.0,0.0,0.0,0
AMD,2023-Q4,2023-10-31,12.33,15.1777,SUBE,1,2.9412,4.44865,-0.5386504476936135,-3.8296,-6.8655,2.5053,1,0.0,0.0,1.0,0.0,0.0,0.0,0.0,0,0.0,0.0,0.0,0.0,0.0,0
AMD,2024-Q1,2024-01-30,-5.7,-2.4294,BAJA,0,0.0,2.3478,-0.89226365602795,5.7379,19.5415,3.6025,1,0.0,0.0,1.0,0.0,0.0,0.0,0.0,0,0.0,0.0,0.0,0.0,0.0,0
AMD,2024-Q2,2024-04-30,-9.94,-2.494,BAJA,0,1.6393,1.4706,-0.695174667716214,7.7772,-12.6214,3.2322,0,0.0,0.0,1.0,0.0,0.0,0.0,0.0,0,0.0,0.0,0.0,0.0,0.0,0
AMD,2024-Q3,2024-07-30,3.38,-5.9665,SUBE,0,1.4706,0.81965,-0.7154570518607818,-10.3419,-13.8463,3.7587,1,0.0,0.0,1.0,0.0,0.0,0.0,0.0,0,0.0,0.0,0.0,0.0,0.0,0
AMD,2024-Q4,2024-10-29,-7.08,-14.791,BAJA,0,0.0,1.5549499999999998,-0.89226365602795,1.2793,-2.5354,2.3358,0,0.0,0.0,1.0,0.0,0.0,0.0,0.0,0,0.0,0.0,0.0,0.0,0.0,0
AMZN,2020-Q2,2020-04-30,-3.65,-4.3003,BAJA,0,-19.3548,0.0,-0.38772507827776226,0.3901,21.6949,2.5376,1,0.378,0.033,0.5891,0.345,1.0,0.0,0.5,1,0.4155,0.1385,6.5834,0.08,0.0,1
AMZN,2020-Q3,2020-07-30,4.32,5.6726,SUBE,1,550.0,-19.3548,2.2654040506002544,-2.1414,9.9575,2.9717,0,0.0,0.0,1.0,0.0,0.0,0.0,0.0,0,0.0,0.0,0.0,0.0,0.0,0
AMZN,2020-Q4,2020-10-29,-4.0,3.4565,BAJA,1,63.1579,265.3226,-0.003225206014679341,-0.6958,0.4462,2.3732,0,0.1206,0.3612,0.5182,-0.2406,0.0,1.0,-0.5,-1,1.4765,0.2685,6.6147,0.0,0.0,1
AMZN,2021-Q1,2021-02-04,1.2,-2.0675,SUBE,0,100.0,306.57895,0.16845482316754024,2.4733,2.9212,1.8919,1,0.2071,0.0181,0.7747,0.189,1.0,0.0,0.5,1,0.8439,0.1406,6.5681,0.0,0.2813,1
AMZN,2021-Q2,2021-04-29,0.26,-4.7515,SUBE,0,68.0851,81.57894999999999,0.019734990059557256,2.8697,13.1971,1.2626,1,0.5344,0.0243,0.4413,0.5101,2.0,1.0,0.25,1,1.3043,0.2899,6.5381,0.075,0.1449,1
AMZN,2021-Q3,2021-08-05,-0.29,-2.1472,BAJA,0,24.5902,84.04255,-0.18294633650102757,-7.5916,-9.248,1.9456,1,0.5994,0.0186,0.382,0.5808,1.0,0.0,0.5,1,0.7353,0.4412,6.5236,0.0938,0.0,1
AMZN,2021-Q4,2021-10-28,-0.59,0.8829,BAJA,0,-29.5455,46.33765,-0.43521259048220357,-0.6609,2.7678,1.4875,0,0.0,0.0,1.0,0.0,0.0,0.0,0.0,0,0.0,0.0,0.0,0.0,0.0,0
AMZN,2022-Q1,2022-02-03,4.67,14.5183,SUBE,1,672.2222,-2.4776500000000006,2.8349457125227584,8.4538,-10.0939,2.3457,0,0.1131,0.0668,0.82,0.0463,0.0,0.0,0.0,0,1.3774,0.2755,6.5889,0.0667,0.0,1
AMZN,2022-Q2,2022-04-28,-10.05,-19.4953,BAJA,0,-190.4762,321.33835000000005,-1.1851314950048835,-10.28,-18.3965,2.3753,1,0.5041,0.0154,0.4805,0.4887,1.0,1.0,0.0,0,1.1127,0.1391,6.5793,0.0213,0.4172,1
AMZN,2022-Q3,2022-07-28,11.56,16.5931,SUBE,1,-266.6667,240.87300000000002,-1.5401706285886883,-1.4662,12.635,2.8224,0,0.3186,0.0216,0.6598,0.297,0.0,1.0,-0.5,-1,1.2431,0.2762,6.5862,0.0204,0.0,1
AMZN,2022-Q4,2022-10-27,-10.59,-19.5205,BAJA,0,33.3333,-228.57145,-0.14220447696687874,0.5127,-1.9914,2.9592,0,0.0,0.0,1.0,0.0,0.0,0.0,0.0,0,0.0,0.0,0.0,0.0,0.0,0
AMZN,2023-Q1,2023-02-02,-1.67,-12.9927,BAJA,0,-82.3529,-116.66669999999999,-0.6812891163327154,8.2013,22.5239,2.3419,1,0.0,0.0,1.0,0.0,0.0,0.0,0.0,0,0.0,0.0,0.0,0.0,0.0,0
AMZN,2023-Q2,2023-04-27,0.45,-5.2996,SUBE,0,47.619,-24.5098,-0.07563472679279978,0.652,7.9597,2.0689,1,0.0,0.0,1.0,0.0,0.0,0.0,0.0,0,0.0,0.0,0.0,0.0,0.0,0
AMZN,2023-Q3,2023-08-03,8.86,7.4858,SUBE,1,91.1765,-17.366950000000003,0.1273383087047568,0.0468,-1.6644,1.8071,0,0.0,0.0,1.0,0.0,0.0,0.0,0.0,0,0.0,0.0,0.0,0.0,0.0,0
AMZN,2023-Q4,2023-10-26,5.23,15.4721,SUBE,1,59.322,69.39775,-0.021100067218032984,-5.2603,-3.6434,2.1668,1,0.0,0.0,1.0,0.0,0.0,0.0,0.0,0,0.0,0.0,0.0,0.0,0.0,0
AMZN,2024-Q1,2024-02-01,10.7,6.6298,SUBE,1,25.0,75.24925,-0.18103671473791216,-1.0646,3.515,1.3957,0,0.0,0.0,1.0,0.0,0.0,0.0,0.0,0,0.0,0.0,0.0,0.0,0.0,0
AMZN,2024-Q2,2024-05-02,4.03,2.5877,SUBE,0,18.0723,42.161,-0.2133190150998802,1.3647,-1.8694,1.8535,0,0.0,0.0,1.0,0.0,0.0,0.0,0.0,0,0.0,0.0,0.0,0.0,0.0,0
AMZN,2024-Q3,2024-08-01,-10.2,-9.9256,BAJA,0,23.5294,21.53615,-0.18788954481316228,3.401,-6.51,1.5632,0,0.0,0.0,1.0,0.0,0.0,0.0,0.0,0,0.0,0.0,0.0,0.0,0.0,0
AMZN,2024-Q4,2024-10-31,2.7,12.6878,SUBE,1,25.4386,20.800849999999997,-0.17899288822424106,4.3419,4.3137,1.3183,1,0.0,0.0,1.0,0.0,0.0,0.0,0.0,0,0.0,0.0,0.0,0.0,0.0,0
GOOGL,2020-Q2,2020-04-28,5.61,9.446,SUBE,1,-3.9216,0.0,-0.8469208407699739,0.7699,14.4651,2.9653,1,0.1431,0.0154,0.8416,0.1277,1.0,0.0,0.5,1,1.264,0.1404,6.5695,0.0286,0.0,1
GOOGL,2020-Q3,2020-07-28,-0.39,-2.0184,BAJA,0,24.3902,-3.9216,0.44227344603483637,-2.2004,12.2484,1.4503,0,0.3926,0.0123,0.5951,0.3803,1.0,0.0,0.5,1,0.9845,0.4219,6.5681,0.0612,0.0,1
GOOGL,2020-Q4,2020-10-29,6.97,13.2072,SUBE,1,46.4286,10.2343,1.4458048135324568,-4.7409,3.0841,2.2367,0,0.8559,0.0197,0.1244,0.8362,3.0,0.0,0.75,1,0.7716,1.0802,6.4754,0.0,0.0,1
GOOGL,2021-Q1,2021-02-02,8.76,8.1428,SUBE,1,40.0,35.409400000000005,1.1530747719189456,-0.0639,8.0125,2.3037,0,0.6907,0.0127,0.2966,0.678,4.0,1.0,0.5,1,0.7407,0.1481,6.5162,0.0,0.1481,1
GOOGL,2021-Q2,2021-04-27,2.13,0.6918,SUBE,0,67.9487,43.2143,2.4257350889465314,0.8809,14.0858,1.4065,1,0.7664,0.0094,0.2242,0.757,2.0,0.0,0.6667,1,0.4724,0.0,6.4552,0.0,0.1575,1
GOOGL,2021-Q3,2021-07-27,1.54,2.8279,SUBE,0,41.6667,53.97435,1.228968926222719,7.5912,9.4087,1.2058,1,0.179,0.0116,0.8094,0.1674,1.0,0.0,0.5,1,0.5642,0.141,6.5653,0.0769,0.0,1
GOOGL,2021-Q4,2021-10-26,6.38,4.396,SUBE,1,19.6581,54.8077,0.22679451906484357,-3.7338,-2.5696,1.4689,1,0.3453,0.0135,0.6412,0.3318,0.0,0.0,0.0,0,1.238,0.4127,6.5903,0.0408,0.0,1
GOOGL,2022-Q1,2022-02-01,9.38,1.275,SUBE,0,12.5,30.662399999999998,-0.09915372952328974,3.4399,-6.5919,1.9182,0,0.3393,0.0114,0.6493,0.3279,1.0,2.0,-0.25,-1,0.7669,0.0,6.4816,0.0278,0.1534,1
GOOGL,2022-Q2,2022-04-26,-7.13,-1.1091,BAJA,0,-3.9063,16.079050000000002,-0.8462241463673532,-3.6048,-13.1281,2.0224,1,0.3624,0.011,0.6267,0.3514,3.0,0.0,0.75,1,0.0,0.0,6.4953,0.0,0.0,1
GOOGL,2022-Q3,2022-07-26,5.16,9.6267,SUBE,1,-6.2016,4.29685,-0.9507419674350028,-1.3941,-8.8705,2.6213,1,0.0,0.0,1.0,0.0,0.0,0.0,0.0,0,0.0,0.0,0.0,0.0,0.0,0
GOOGL,2022-Q4,2022-10-25,-7.4,-13.4093,BAJA,0,-15.873,-5.05395,-1.3911347939385823,2.5508,4.4311,1.9678,1,0.1772,0.189,0.6338,-0.0118,0.0,2.0,-0.6667,-1,1.2535,0.9749,6.5779,0.1053,0.2786,1
GOOGL,2023-Q1,2023-02-02,4.33,-11.8155,SUBE,0,-12.5,-11.037299999999998,-1.2375432762889584,5.4715,12.6908,2.1197,1,0.0,0.0,1.0,0.0,0.0,0.0,0.0,0,0.0,0.0,0.0,0.0,0.0,0
GOOGL,2023-Q2,2023-04-25,-2.13,1.4155,BAJA,0,9.3458,-14.186499999999999,-0.2427820618596206,0.0,0.5026,1.6446,0,0.0,0.0,1.0,0.0,0.0,0.0,0.0,0,0.0,0.0,0.0,0.0,0.0,0
GOOGL,2023-Q3,2023-07-25,6.37,7.6426,SUBE,1,7.4627,-1.5770999999999988,-0.32853011608019783,-2.503,-0.6621,1.6617,1,0.0,0.0,1.0,0.0,0.0,0.0,0.0,0,0.0,0.0,0.0,0.0,0.0,0
GOOGL,2023-Q4,2023-10-24,-7.98,-10.6116,BAJA,0,6.8966,8.404250000000001,-0.35430780897715963,-1.8692,4.111,1.334,0,0.0,0.0,1.0,0.0,0.0,0.0,0.0,0,0.0,0.0,0.0,0.0,0.0,0
GOOGL,2024-Q1,2024-01-30,-8.74,-4.8594,BAJA,0,2.5,7.1796500000000005,-0.5545095482295571,5.151,9.4701,1.1223,1,0.0,0.0,1.0,0.0,0.0,0.0,0.0,0,0.0,0.0,0.0,0.0,0.0,0
GOOGL,2024-Q2,2024-04-25,8.06,6.8077,SUBE,1,25.1656,4.6983000000000015,0.47758173621732036,2.3542,5.6149,1.4212,1,0.0,0.0,1.0,0.0,0.0,0.0,0.0,0,0.0,0.0,0.0,0.0,0.0,0
GOOGL,2024-Q3,2024-07-23,-4.98,-6.326,BAJA,0,2.7174,13.832800000000002,-0.5446101127308829,-2.6055,1.1357,1.5557,0,0.0,0.0,1.0,0.0,0.0,0.0,0.0,0,0.0,0.0,0.0,0.0,0.0,0
GOOGL,2024-Q4,2024-10-29,4.64,0.0354,SUBE,0,14.5946,13.941500000000003,-0.003774899737074976,1.6152,0.5246,1.0426,1,0.0,0.0,1.0,0.0,0.0,0.0,0.0,0,0.0,0.0,0.0,0.0,0.0,0
JPM,2020-Q4,2020-10-13,-2.17,-0.4068,BAJA,0,37.9464,0.0,1.3946665689719169,3.433,0.8984,1.5037,1,0.1155,0.0246,0.8599,0.0909,0.0,0.0,0.0,0,1.9455,0.5188,6.649,0.0652,0.0,1
JPM,2021-Q1,2021-01-15,-2.22,-4.7028,BAJA,0,15.8491,37.9464,0.0279186103922755,3.9008,18.1738,1.7016,1,0.0719,0.0197,0.9084,0.0522,0.0,0.0,0.0,0,0.4178,0.1393,6.5779,0.0588,0.0,1
JPM,2021-Q2,2021-04-14,-1.25,-0.4431,BAJA,0,50.0,26.89775,2.1401980680028196,1.0161,-0.2397,1.3258,0,0.0926,0.0225,0.8848,0.0701,0.0,0.0,0.0,0,1.2397,0.2755,6.5889,0.0566,0.0,1
JPM,2021-Q3,2021-07-13,-1.82,-3.8162,BAJA,0,19.2429,32.924549999999996,0.23782974079407057,1.2626,-0.8606,1.5377,0,0.1354,0.0703,0.7943,0.0651,0.0,0.0,0.0,0,1.3661,0.2732,6.5971,0.0208,0.1366,1
JPM,2021-Q4,2021-10-13,-1.14,6.1118,BAJA,1,18.3333,34.621449999999996,0.1815697478028889,-1.9566,5.9123,1.573,0,0.4487,0.0096,0.5417,0.4391,1.0,1.0,0.0,0,1.6845,0.7657,6.4831,0.0,0.1531,1
JPM,2022-Q1,2022-01-14,-10.08,-8.1956,BAJA,0,9.901,18.7881,-0.33997943744287024,1.6373,7.1536,1.3768,1,0.0539,0.053,0.8931,0.0009,0.0,1.0,-0.5,-1,1.0944,0.1368,6.5958,0.0755,0.1368,1
JPM,2022-Q2,2022-04-13,-4.12,2.5609,BAJA,0,-2.952,14.11715,-1.1349549100854164,-1.3499,0.0265,1.2711,0,0.0,0.0,1.0,0.0,0.0,0.0,0.0,0,0.0,0.0,0.0,0.0,0.0,0
JPM,2022-Q3,2022-07-14,0.93,6.7778,SUBE,1,-4.8276,3.4745,-1.2509633125197397,0.0179,-2.6641,1.4684,0,0.0719,0.0805,0.8476,-0.0086,0.0,0.0,0.0,0,2.0804,0.8322,6.582,0.1569,0.0,1
JPM,2022-Q4,2022-10-14,5.93,9.9289,SUBE,1,9.4737,-3.8898,-0.3664085216613531,1.1374,-6.3812,2.5272,0,0.0,0.0,1.0,0.0,0.0,0.0,0.0,0,0.0,0.0,0.0,0.0,0.0,0
JPM,2023-Q1,2023-01-13,0.94,-4.0137,SUBE,0,15.1613,2.3230499999999994,-0.014622751942085553,3.0587,4.8034,0.9509,1,0.0,0.0,1.0,0.0,0.0,0.0,0.0,0,0.0,0.0,0.0,0.0,0.0,0
JPM,2023-Q2,2023-04-14,8.4,1.3047,SUBE,0,21.6617,12.317499999999999,0.38743579955294327,1.0814,1.3584,1.5611,1,0.0,0.0,1.0,0.0,0.0,0.0,0.0,0,0.0,0.0,0.0,0.0,0.0,0
JPM,2023-Q3,2023-07-14,3.03,3.4586,SUBE,1,26.3298,18.4115,0.6761641123081498,3.9522,5.5431,1.1564,1,0.0,0.0,1.0,0.0,0.0,0.0,0.0,0,0.0,0.0,0.0,0.0,0.0,0
JPM,2023-Q4,2023-10-13,1.4,-3.4122,SUBE,0,9.068,23.99575,-0.391501616600362,2.0364,-1.584,0.8352,0,0.0,0.0,1.0,0.0,0.0,0.0,0.0,0,0.0,0.0,0.0,0.0,0.0,0
JPM,2024-Q1,2024-01-12,-1.36,0.6271,BAJA,0,-15.5556,17.6989,-1.9145046546584805,-0.6476,6.7469,0.7335,0,0.0,0.0,1.0,0.0,0.0,0.0,0.0,0,0.0,0.0,0.0,0.0,0.0,0
JPM,2024-Q2,2024-04-12,-6.42,1.6467,BAJA,0,7.5061,-3.2438000000000002,-0.4881072488045472,-0.1125,2.7119,0.9385,0,0.0,0.0,1.0,0.0,0.0,0.0,0.0,0,0.0,0.0,0.0,0.0,0.0,0
JPM,2024-Q3,2024-07-12,1.25,2.3617,SUBE,0,35.0993,-4.02475,1.2185695746390304,-0.0434,7.3264,0.8995,0,0.0,0.0,1.0,0.0,0.0,0.0,0.0,0,0.0,0.0,0.0,0.0,0.0,0
JPM,2024-Q4,2024-10-11,4.06,1.3856,SUBE,0,9.5238,21.3027,-0.36330976874923987,4.3436,3.6516,1.1607,1,0.0,0.0,1.0,0.0,0.0,0.0,0.0,0,0.0,0.0,0.0,0.0,0.0,0
MA,2020-Q4,2020-10-28,-7.55,5.4293,BAJA,1,-3.6145,0.0,-1.4844303717845597,-4.4043,-5.5768,1.4858,1,0.0813,0.0147,0.904,0.0666,0.0,1.0,-0.5,-1,0.7236,0.0,6.5396,0.1321,0.2894,1
MA,2021-Q1,2021-01-28,0.25,5.1036,SUBE,1,7.8947,-3.6145,0.23452597694490937,-5.7986,-8.2968,1.9952,1,0.1996,0.0233,0.7771,0.1763,2.0,2.0,0.0,0,1.0145,0.0,6.5381,0.0189,0.5797,1
MA,2021-Q2,2021-04-29,-3.43,-3.4632,BAJA,0,11.5385,2.1401000000000003,0.7787456571572995,3.2759,10.5861,1.034,1,0.6267,0.0091,0.3641,0.6176,1.0,0.0,0.5,1,0.0,0.0,6.4615,0.0,0.0,1
MA,2021-Q3,2021-07-29,0.65,-4.3389,SUBE,0,11.4286,9.7166,0.76233154473199,0.8893,4.3184,1.9016,1,0.0,0.0,1.0,0.0,0.0,0.0,0.0,0,0.0,0.0,0.0,0.0,0.0,0
MA,2021-Q4,2021-10-28,-0.06,0.7207,BAJA,0,8.2192,11.483550000000001,0.2829916683190026,-5.9002,-4.8263,2.3198,1,0.1957,0.0758,0.7285,0.1199,2.0,2.0,0.0,0,0.6868,0.1374,6.5917,0.0833,0.2747,1
MA,2022-Q1,2022-01-27,10.98,11.2801,SUBE,1,6.3348,9.8239,0.0015471418926817032,-4.4548,-4.3427,1.5346,1,0.0,0.0,1.0,0.0,0.0,0.0,0.0,0,0.0,0.0,0.0,0.0,0.0,0
MA,2022-Q2,2022-04-26,1.97,3.9755,SUBE,1,27.7778,7.277000000000001,3.204166002092001,-0.6166,1.7398,1.9675,0,0.0825,0.0156,0.902,0.0669,0.0,0.0,0.0,0,0.6438,0.0,6.1463,0.0,0.0,1
MA,2022-Q3,2022-07-26,-0.27,2.265,BAJA,0,8.4746,17.0563,0.3211369304975646,3.9878,4.3079,1.422,1,0.8543,0.0076,0.1381,0.8467,1.0,0.0,0.5,1,0.318,0.0,6.4457,0.0,0.0,1
MA,2022-Q4,2022-10-27,3.12,-3.1938,SUBE,0,4.2802,18.1262,-0.3053176023206058,7.3045,10.2851,1.9075,1,0.0,0.0,1.0,0.0,0.0,0.0,0.0,0,0.0,0.0,0.0,0.0,0.0,0
MA,2023-Q1,2023-01-26,-2.19,-0.6097,BAJA,0,2.7132,6.3774,-0.5393568577387997,3.6512,11.4699,1.5365,1,0.0,0.0,1.0,0.0,0.0,0.0,0.0,0,0.0,0.0,0.0,0.0,0.0,0
MA,2023-Q2,2023-04-25,-2.13,2.0351,BAJA,0,3.321,3.4966999999999997,-0.44857890021284036,0.5285,6.7366,0.7774,1,0.0,0.0,1.0,0.0,0.0,0.0,0.0,0,0.0,0.0,0.0,0.0,0.0,0
MA,2023-Q3,2023-07-25,-0.59,-1.0491,BAJA,0,2.1201,3.0171,-0.6279392970422655,0.6439,6.7311,0.887,1,0.0,0.0,1.0,0.0,0.0,0.0,0.0,0,0.0,0.0,0.0,0.0,0.0,0
MA,2023-Q4,2023-10-25,-5.77,-2.1977,BAJA,0,5.6075,2.7205500000000002,-0.10707873587735824,-3.6986,-2.0004,0.943,1,0.0,0.0,1.0,0.0,0.0,0.0,0.0,0,0.0,0.0,0.0,0.0,0.0,0
MA,2024-Q1,2024-01-25,-0.04,5.522,BAJA,1,3.2468,3.8638000000000003,-0.4596610398120937,2.6391,3.6056,0.6383,1,0.0,0.0,1.0,0.0,0.0,0.0,0.0,0,0.0,0.0,0.0,0.0,0.0,0
MA,2024-Q2,2024-04-29,-2.43,-1.6911,BAJA,0,2.1605,4.42715,-0.6219053558049362,1.5437,-3.8436,0.8332,0,0.0,0.0,1.0,0.0,0.0,0.0,0.0,0,0.0,0.0,0.0,0.0,0.0,0
MA,2024-Q3,2024-07-25,1.33,7.6373,SUBE,1,2.2792,2.7036500000000006,-0.6041769195457534,-4.1471,-4.9511,1.2495,1,0.0,0.0,1.0,0.0,0.0,0.0,0.0,0,0.0,0.0,0.0,0.0,0.0,0
MA,2024-Q4,2024-10-29,1.08,-0.1422,SUBE,0,3.7333,2.21985,-0.38699984149623456,-1.3204,3.055,0.6796,0,0.0,0.0,1.0,0.0,0.0,0.0,0.0,0,0.0,0.0,0.0,0.0,0.0,0
META,2020-Q2,2020-04-29,11.92,7.3536,SUBE,1,0.5882,0.0,-0.6065032111828835,7.0902,10.22,3.1362,1,0.0,0.0,1.0,0.0,0.0,0.0,0.0,0,0.0,0.0,0.0,0.0,0.0,0
META,2020-Q3,2020-07-29,1.9,6.7855,SUBE,1,31.3869,0.5882,1.4586564515987968,-4.8108,4.2966,1.8123,0,0.0,0.0,1.0,0.0,0.0,0.0,0.0,0,0.0,0.0,0.0,0.0,0.0,0
META,2020-Q4,2020-10-29,-1.7,4.9318,BAJA,1,25.6545,15.98755,1.07427914830581,-3.968,2.2031,2.5626,0,0.1014,0.0464,0.8522,0.055,1.0,2.0,-0.25,-1,0.6897,0.0,6.5876,0.1064,0.6897,1
META,2021-Q1,2021-01-27,-6.05,-2.0173,BAJA,0,19.7531,28.520699999999998,0.6785698088226564,8.0237,5.4787,2.107,1,0.2141,0.02,0.7659,0.1941,3.0,2.0,0.1667,1,2.4745,1.31,6.5338,0.0789,0.2911,1
META,2021-Q2,2021-04-28,8.54,2.579,SUBE,0,41.0256,22.7038,2.1049647192092404,0.304,4.3842,1.4695,1,0.0,0.0,1.0,0.0,0.0,0.0,0.0,0,0.0,0.0,0.0,0.0,0.0,0
META,2021-Q3,2021-07-28,-2.58,-3.847,BAJA,0,17.9739,30.38935,0.5592682775235702,7.6538,3.422,1.6665,1,0.1671,0.0377,0.7952,0.1294,0.0,3.0,-0.75,-1,1.3369,0.8021,6.6187,0.1053,0.2674,1
META,2021-Q4,2021-10-25,-2.71,0.3925,BAJA,0,1.5773,29.49975,-0.5401806254095438,-0.0462,-8.0321,2.1668,1,0.0941,0.0209,0.8851,0.0732,0.0,1.0,-0.5,-1,1.1111,0.1389,6.5806,0.1364,0.1389,1
META,2022-Q1,2022-02-02,-25.47,-28.1734,BAJA,0,-4.1775,9.7756,-0.9260599263987418,6.2802,-5.7718,2.4168,0,0.1539,0.0183,0.8279,0.1356,0.0,4.0,-0.8,-1,1.2987,0.1443,6.5425,0.0,0.5772,1
META,2022-Q2,2022-04-27,13.69,27.6993,SUBE,1,7.5099,-1.3001,-0.14237921770666678,-16.7319,-19.0706,2.8794,1,0.5788,0.0932,0.328,0.4856,0.0,4.0,-0.8,-1,0.6916,0.0,6.5848,0.0,0.4149,1
META,2022-Q3,2022-07-27,0.99,-0.46,SUBE,0,-3.5294,1.6662,-0.882602573411479,-9.4607,-6.1007,3.4454,1,0.0,0.0,1.0,0.0,0.0,0.0,0.0,0,0.0,0.0,0.0,0.0,0.0,0
META,2022-Q4,2022-10-26,-28.78,-30.2573,BAJA,0,-11.3514,1.99025,-1.4070948046510543,3.5467,2.314,2.7697,1,0.0,0.0,1.0,0.0,0.0,0.0,0.0,0,0.0,0.0,0.0,0.0,0.0,0
META,2023-Q1,2023-02-01,26.72,19.7949,SUBE,1,-21.0762,-7.4404,-2.0591763759063113,4.073,23.791,1.9815,1,0.0,0.0,1.0,0.0,0.0,0.0,0.0,0,0.0,0.0,0.0,0.0,0.0,0
META,2023-Q2,2023-04-26,14.94,13.1949,SUBE,1,12.8205,-16.2138,0.21371493253890814,-4.7455,2.322,1.4504,0,0.0,0.0,1.0,0.0,0.0,0.0,0.0,0,0.0,0.0,0.0,0.0,0.0,0
META,2023-Q3,2023-07-26,5.85,5.2718,SUBE,1,3.8328,-4.1278500000000005,-0.38894152702538853,-5.6337,5.7457,1.9097,0,0.0,0.0,1.0,0.0,0.0,0.0,0.0,0,0.0,0.0,0.0,0.0,0.0,0
META,2023-Q4,2023-10-25,-7.74,4.1131,BAJA,1,21.9444,8.326649999999999,0.8255040745239197,-3.534,4.5458,1.816,0,0.0,0.0,1.0,0.0,0.0,0.0,0.0,0,0.0,0.0,0.0,0.0,0.0,0
META,2024-Q1,2024-01-31,-1.32,20.3645,BAJA,1,7.8947,12.8886,-0.11657704299674751,3.8577,13.0241,1.2639,1,0.0,0.0,1.0,0.0,0.0,0.0,0.0,0,0.0,0.0,0.0,0.0,0.0,0
META,2024-Q2,2024-04-24,-11.03,-11.0051,BAJA,0,9.0278,14.919550000000001,-0.04059875774776234,-0.7323,-1.3757,1.8736,1,0.0,0.0,1.0,0.0,0.0,0.0,0.0,0,0.0,0.0,0.0,0.0,0.0,0
META,2024-Q3,2024-07-31,7.46,2.9674,SUBE,0,8.4034,8.46125,-0.08246694352965835,-5.218,-8.2211,2.8824,1,0.0,0.0,1.0,0.0,0.0,0.0,0.0,0,0.0,0.0,0.0,0.0,0.0,0
META,2024-Q4,2024-10-30,-4.33,-3.3373,BAJA,0,13.7736,8.715599999999998,0.27762359344333665,1.9364,2.916,1.4701,1,0.0,0.0,1.0,0.0,0.0,0.0,0.0,0,0.0,0.0,0.0,0.0,0.0,0
MSFT,2020-Q1,2020-01-29,4.42,7.0579,SUBE,1,14.3939,0.0,1.031723432291994,-0.6246,4.089,1.1378,0,0.0,0.0,1.0,0.0,0.0,0.0,0.0,0,0.0,0.0,0.0,0.0,0.0,0
MSFT,2020-Q2,2020-04-29,5.54,2.88,SUBE,0,10.2362,14.3939,0.38912816465878364,1.1858,5.9789,2.8919,1,0.0,0.0,1.0,0.0,0.0,0.0,0.0,0,0.0,0.0,0.0,0.0,0.0,0
MSFT,2020-Q3,2020-07-22,-2.97,-3.6316,BAJA,0,6.5693,12.31505,-0.17761127947720956,0.192,4.0784,1.8766,1,0.0,0.0,1.0,0.0,0.0,0.0,0.0,0,0.0,0.0,0.0,0.0,0.0,0
MSFT,2020-Q4,2020-10-28,-4.0,6.7644,BAJA,1,17.4194,8.402750000000001,1.4993309995104747,-0.6522,2.8901,1.7214,0,0.0,0.0,1.0,0.0,0.0,0.0,0.0,0,0.0,0.0,0.0,0.0,0.0,0
MSFT,2021-Q1,2021-01-26,1.47,3.0904,SUBE,1,23.7805,11.994349999999999,2.482473784449651,7.9379,3.8503,1.5992,1,0.0,0.0,1.0,0.0,0.0,0.0,0.0,0,0.0,0.0,0.0,0.0,0.0,0
MSFT,2021-Q2,2021-04-27,-2.67,-5.4128,BAJA,0,9.5506,20.59995,0.28316493607342885,1.086,10.6013,1.2577,1,0.1577,0.0121,0.8303,0.1456,0.0,0.0,0.0,0,0.9695,0.277,6.5834,0.0652,0.0,1
MSFT,2021-Q3,2021-07-27,-0.98,0.2024,BAJA,0,12.4352,16.66555,0.7289956379073175,4.3464,9.0672,0.8976,1,0.2636,0.0105,0.7259,0.2531,0.0,0.0,0.0,0,1.7094,0.1425,6.5554,0.0714,0.0,1
MSFT,2021-Q4,2021-10-26,4.88,7.4232,SUBE,1,9.1346,10.992899999999999,0.21886986155256044,0.2733,4.7455,1.1431,1,0.124,0.0199,0.8561,0.1041,2.0,0.0,0.6667,1,1.4388,0.2878,6.5453,0.0732,0.0,1
MSFT,2022-Q1,2022-01-25,0.11,7.0263,SUBE,1,6.8966,10.7849,-0.12702527493230498,-4.4584,-11.4494,1.5164,1,0.0,0.0,1.0,0.0,0.0,0.0,0.0,0,0.0,0.0,0.0,0.0,0.0,0
MSFT,2022-Q2,2022-04-26,0.89,4.278,SUBE,1,0.9091,8.015600000000001,-1.0524261371767782,0.0713,-7.5606,1.9475,0,0.0,0.0,1.0,0.0,0.0,0.0,0.0,0,0.0,0.0,0.0,0.0,0.0,0
MSFT,2022-Q3,2022-07-26,3.83,9.0988,SUBE,1,-2.6201,3.90285,-1.5978832934244935,1.8014,-3.3134,1.6515,0,0.0,0.0,1.0,0.0,0.0,0.0,0.0,0,0.0,0.0,0.0,0.0,0.0,0
MSFT,2022-Q4,2022-10-25,-6.44,-8.9723,BAJA,0,1.7316,-0.8554999999999999,-0.9253042650772243,4.0921,4.1272,2.5016,1,0.0,0.0,1.0,0.0,0.0,0.0,0.0,0,0.0,0.0,0.0,0.0,0.0,0
MSFT,2023-Q1,2023-01-24,-0.81,2.3839,BAJA,0,0.0,-0.4442499999999999,-1.19293251277034,1.4003,-0.7569,1.9853,0,0.0,0.0,1.0,0.0,0.0,0.0,0.0,0,0.0,0.0,0.0,0.0,0.0,0
MSFT,2023-Q2,2023-04-25,4.83,10.8888,SUBE,1,9.8655,0.8658,0.3318344528201155,-2.4342,0.4277,1.3126,0,0.0953,0.0302,0.8744,0.0651,1.0,1.0,0.0,0,1.4845,0.2699,6.6093,0.0682,0.0,1
MSFT,2023-Q3,2023-07-25,-2.13,-4.1712,BAJA,0,5.4902,4.93275,-0.34439208456247244,-0.1793,3.0117,1.474,0,0.0,0.0,1.0,0.0,0.0,0.0,0.0,0,0.0,0.0,0.0,0.0,0.0,0
MSFT,2023-Q4,2023-10-24,3.45,2.2933,SUBE,0,12.8302,7.67785,0.790045047608623,-0.9981,3.7098,1.24,0,0.0,0.0,1.0,0.0,0.0,0.0,0.0,0,0.0,0.0,0.0,0.0,0.0,0
MSFT,2024-Q1,2024-01-30,-2.96,-0.7587,BAJA,0,5.7762,9.1602,-0.3001892208293752,3.3316,9.1772,0.8739,1,0.0,0.0,1.0,0.0,0.0,0.0,0.0,0,0.0,0.0,0.0,0.0,0.0,0
MSFT,2024-Q2,2024-04-25,-0.67,-0.3007,BAJA,0,3.5211,9.3032,-0.6487272558101704,-0.675,-2.9859,1.0813,1,0.0,0.0,1.0,0.0,0.0,0.0,0.0,0,0.0,0.0,0.0,0.0,0.0,0
MSFT,2024-Q3,2024-07-30,-1.96,-5.5117,BAJA,0,0.3401,4.64865,-1.140368198240178,-3.6596,-4.524,1.4569,1,0.0,0.0,1.0,0.0,0.0,0.0,0.0,0,0.0,0.0,0.0,0.0,0.0,0
MSFT,2024-Q4,2024-10-30,-5.93,-2.8553,BAJA,0,6.1093,1.9306,-0.24870679457240083,1.0386,2.6765,0.8237,1,0.0,0.0,1.0,0.0,0.0,0.0,0.0,0,0.0,0.0,0.0,0.0,0.0,0
NFLX,2020-Q2,2020-04-21,-3.67,-6.9152,BAJA,0,0.0,0.0,-0.1780239319928522,10.2768,31.4455,3.4077,1,0.0,0.0,1.0,0.0,0.0,0.0,0.0,0,0.0,0.0,0.0,0.0,0.0,0
NFLX,2020-Q3,2020-07-16,-5.78,-9.4446,BAJA,0,-11.1111,0.0,-0.5680074798587882,4.0734,19.978,3.155,1,0.0,0.0,1.0,0.0,0.0,0.0,0.0,0,0.0,0.0,0.0,0.0,0.0,0
NFLX,2020-Q4,2020-10-20,-7.85,-6.9449,BAJA,0,-19.0476,-5.55555,-0.8465671569058852,-1.6839,8.8991,2.8494,0,0.0686,0.0227,0.9087,0.0459,0.0,0.0,0.0,0,1.4065,0.1406,6.5681,0.1951,0.0,1
NFLX,2021-Q1,2021-01-19,17.74,11.9896,SUBE,1,-14.2857,-15.07935,-0.6794313506776269,-2.4334,-5.1159,1.9257,1,0.2657,0.0175,0.7168,0.2482,0.0,0.0,0.0,0,0.7947,0.1325,6.628,0.129,0.0,1
NFLX,2021-Q2,2021-04-20,-8.21,-8.0099,BAJA,0,26.6667,-16.66665,0.7579386887986583,0.3003,8.251,1.7193,1,0.2225,0.0174,0.7601,0.2051,0.0,0.0,0.0,0,1.3624,0.4087,6.5999,0.0513,0.0,1
NFLX,2021-Q3,2021-07-20,-3.5,-2.286,BAJA,0,-6.25,6.190499999999998,-0.3973898970334062,-0.9361,6.2923,1.1736,0,0.1188,0.0162,0.8651,0.1026,0.0,0.0,0.0,0,1.1936,0.0,6.6267,0.1212,0.0,1
NFLX,2021-Q4,2021-10-19,-2.01,4.6197,BAJA,1,23.0769,10.20835,0.6319418981902454,1.7431,10.8684,1.7072,1,0.2046,0.0176,0.7778,0.187,1.0,0.0,0.5,1,1.087,0.1359,6.6026,0.0769,0.0,1
NFLX,2022-Q1,2022-01-20,-22.94,-23.9154,BAJA,0,62.5,8.41345,2.0156357184126876,-4.6187,-13.1169,1.555,1,0.1301,0.0156,0.8542,0.1145,0.0,0.0,0.0,0,1.071,0.0,6.6174,0.0455,0.0,1
NFLX,2022-Q2,2022-04-19,-33.05,-43.0883,BAJA,0,20.6897,42.78845,0.5481546291110757,-5.0635,-11.2296,2.285,1,0.0,0.0,1.0,0.0,0.0,0.0,0.0,0,0.0,0.0,0.0,0.0,0.0,0
NFLX,2022-Q3,2022-07-19,13.37,6.0904,SUBE,1,10.3448,41.59485,0.18506359363139144,7.6576,10.1356,3.4307,1,0.0,0.0,1.0,0.0,0.0,0.0,0.0,0,0.0,0.0,0.0,0.0,0.0,0
NFLX,2022-Q4,2022-10-18,11.13,20.8254,SUBE,1,40.9091,15.517249999999999,1.2578263400776324,6.5745,0.6034,4.1022,1,0.0,0.0,1.0,0.0,0.0,0.0,0.0,0,0.0,0.0,0.0,0.0,0.0,0
NFLX,2023-Q1,2023-01-19,4.96,15.5456,SUBE,1,-80.0,25.62695,-2.9859082845119436,-0.3694,12.2528,2.3579,0,0.0,0.0,1.0,0.0,0.0,0.0,0.0,0,0.0,0.0,0.0,0.0,0.0,0
NFLX,2023-Q2,2023-04-18,-2.89,-3.3413,BAJA,0,0.0,-19.54545,-0.1780239319928522,-1.8496,9.6277,2.8974,0,0.0,0.0,1.0,0.0,0.0,0.0,0.0,0,0.0,0.0,0.0,0.0,0.0,0
NFLX,2023-Q3,2023-07-19,-7.87,-11.4994,BAJA,0,13.7931,-40.0,0.30609393879128627,7.8576,9.9176,1.9326,1,0.0,0.0,1.0,0.0,0.0,0.0,0.0,0,0.0,0.0,0.0,0.0,0.0,0
NFLX,2023-Q4,2023-10-18,12.95,18.7932,SUBE,1,5.7143,6.89655,0.022539737452145818,-4.7145,-10.2171,1.3926,1,0.0,0.0,1.0,0.0,0.0,0.0,0.0,0,0.0,0.0,0.0,0.0,0.0,0
NFLX,2024-Q1,2024-01-23,12.18,14.3562,SUBE,1,-4.5455,9.7537,-0.3375644110475463,-1.3106,-0.7276,1.4727,1,0.0,0.0,1.0,0.0,0.0,0.0,0.0,0,0.0,0.0,0.0,0.0,0.0,0
NFLX,2024-Q2,2024-04-18,-9.56,-7.4948,BAJA,0,17.7778,0.5844,0.4459511485348215,-0.7905,-1.1357,1.6263,1,0.0,0.0,1.0,0.0,0.0,0.0,0.0,0,0.0,0.0,0.0,0.0,0.0,0
NFLX,2024-Q3,2024-07-17,-2.02,-1.7715,BAJA,0,4.2553,6.616149999999999,-0.028669053426921092,-4.2902,-1.9511,1.3749,1,0.0,0.0,1.0,0.0,0.0,0.0,0.0,0,0.0,0.0,0.0,0.0,0.0,0
NFLX,2024-Q4,2024-10-16,-2.6,6.7365,BAJA,1,5.8824,11.016549999999999,0.028439804447876554,-2.1863,-0.1316,1.4053,1,0.0,0.0,1.0,0.0,0.0,0.0,0.0,0,0.0,0.0,0.0,0.0,0.0,0
NVDA,2019-Q3,2019-08-15,6.32,15.2652,SUBE,1,0.0,0.0,-1.0511529724475186,-2.4823,-11.5727,2.6465,1,0.0924,0.0246,0.883,0.0678,0.0,2.0,-0.6667,-1,1.257,0.2793,6.5751,0.0286,0.2793,1
NVDA,2019-Q4,2019-11-14,-2.1,0.1859,BAJA,0,0.0,0.0,-1.0511529724475186,0.4528,7.3941,1.6511,1,0.0,0.0,1.0,0.0,0.0,0.0,0.0,0,0.0,0.0,0.0,0.0,0.0,0
NVDA,2020-Q1,2020-02-13,6.33,8.6011,SUBE,1,25.0,0.0,1.3912682721637923,8.6856,10.2151,2.1673,1,0.0,0.0,1.0,0.0,0.0,0.0,0.0,0,0.0,0.0,0.0,0.0,0.0,0
NVDA,2020-Q2,2020-05-21,0.63,1.1424,SUBE,0,25.0,12.5,1.3912682721637923,15.2957,25.3888,2.4249,1,0.0774,0.0202,0.9024,0.0572,0.0,0.0,0.0,0,1.9204,0.0,6.593,0.0435,0.0,1
NVDA,2020-Q3,2020-08-19,-0.98,5.2272,BAJA,1,0.0,25.0,-1.0511529724475186,13.0023,18.708,2.5259,1,0.0,0.0,1.0,0.0,0.0,0.0,0.0,0,0.0,0.0,0.0,0.0,0.0,0
NVDA,2020-Q4,2020-11-18,0.13,-1.4447,SUBE,0,16.6667,12.5,0.5771311138550147,5.1077,-1.6361,3.7278,0,0.0,0.0,1.0,0.0,0.0,0.0,0.0,0,0.0,0.0,0.0,0.0,0.0,0
NVDA,2021-Q1,2021-02-24,-5.9,-11.6853,BAJA,0,14.2857,8.33335,0.3445149145182336,-7.751,3.5798,2.6205,0,0.0,0.0,1.0,0.0,0.0,0.0,0.0,0,0.0,0.0,0.0,0.0,0.0,0
NVDA,2021-Q2,2021-05-26,-1.02,8.0876,BAJA,1,12.5,15.476199999999999,0.17005764985813682,11.644,1.7293,2.4481,1,0.0,0.0,1.0,0.0,0.0,0.0,0.0,0,0.0,0.0,0.0,0.0,0.0,0
NVDA,2021-Q3,2021-08-25,1.26,1.0443,SUBE,0,12.5,13.39285,0.17005764985813682,12.0002,13.458,2.3466,1,0.1403,0.0201,0.8396,0.1202,1.0,1.0,0.0,0,1.5692,0.1427,6.5539,0.0303,0.1427,1
NVDA,2021-Q4,2021-11-17,4.87,11.664,SUBE,1,9.0909,12.5,-0.16300068074204005,-1.4809,35.5002,3.3591,0,0.0582,0.0304,0.9114,0.0278,0.0,0.0,0.0,0,0.9804,0.2801,6.5723,0.0,0.0,1
NVDA,2022-Q1,2022-02-16,-7.5,-10.4221,BAJA,0,8.3333,10.795449999999999,-0.23701581413874123,5.5241,2.2854,4.4549,1,0.0,0.0,1.0,0.0,0.0,0.0,0.0,0,0.0,0.0,0.0,0.0,0.0,0
NVDA,2022-Q2,2022-05-25,10.51,15.4168,SUBE,1,7.6923,8.7121,-0.29963949485057517,-11.1295,-14.0196,5.3809,1,0.0,0.0,1.0,0.0,0.0,0.0,0.0,0,0.0,0.0,0.0,0.0,0.0,0
NVDA,2022-Q3,2022-08-24,4.26,-12.3563,SUBE,0,0.0,8.0128,-1.0511529724475186,-8.9941,3.9194,3.2106,0,0.0,0.0,1.0,0.0,0.0,0.0,0.0,0,0.0,0.0,0.0,0.0,0.0,0
NVDA,2022-Q4,2022-11-16,-5.93,3.8278,BAJA,1,-14.2857,3.84615,-2.446820859413271,14.1351,39.2663,4.1919,1,0.0,0.0,1.0,0.0,0.0,0.0,0.0,0,0.0,0.0,0.0,0.0,0.0,0
NVDA,2023-Q1,2023-02-22,14.57,9.3669,SUBE,1,12.5,-7.14285,0.17005764985813682,-5.2001,7.6174,3.6475,0,0.0,0.0,1.0,0.0,0.0,0.0,0.0,0,0.0,0.0,0.0,0.0,0.0,0
NVDA,2023-Q2,2023-05-24,23.76,30.2312,SUBE,1,22.2222,-0.8928500000000001,1.1198859628325404,5.0491,16.9468,2.271,1,0.0,0.0,1.0,0.0,0.0,0.0,0.0,0,0.0,0.0,0.0,0.0,0.0,0
NVDA,2023-Q3,2023-08-23,3.27,4.559,SUBE,1,28.5714,17.3611,1.7401828014839857,3.9326,-0.0241,3.3353,0,0.1914,0.0151,0.7935,0.1763,2.0,0.0,0.6667,1,1.585,0.1441,6.5439,0.0435,0.1441,1
NVDA,2023-Q4,2023-11-21,-3.36,-3.612,BAJA,0,17.6471,25.3968,0.6729131053836918,3.6796,17.2984,2.1718,1,0.0,0.0,1.0,0.0,0.0,0.0,0.0,0,0.0,0.0,0.0,0.0,0.0,0
NVDA,2024-Q1,2024-02-21,13.08,15.104,SUBE,1,13.0435,23.10925,0.22315588771598668,-3.87,16.4247,2.464,0,0.0,0.0,1.0,0.0,0.0,0.0,0.0,0,0.0,0.0,0.0,0.0,0.0,0
NVDA,2024-Q2,2024-05-22,8.82,16.377,SUBE,1,8.9286,15.345299999999998,-0.1788568794620567,4.4113,15.7274,2.5971,1,0.0,0.0,1.0,0.0,0.0,0.0,0.0,0,0.0,0.0,0.0,0.0,0.0,0
NVDA,2024-Q3,2024-08-28,-8.35,-14.6485,BAJA,0,6.25,10.986049999999999,-0.4405476612946909,0.8251,23.6865,4.1267,1,0.0,0.0,1.0,0.0,0.0,0.0,0.0,0,0.0,0.0,0.0,0.0,0.0,0
TSLA,2019-Q3,2019-07-24,-12.05,-8.7851,BAJA,0,-133.3333,0.0,-0.8678155007595162,3.0866,16.3343,1.7843,1,0.0681,0.0209,0.911,0.0472,1.0,2.0,-0.25,-1,0.7092,0.7092,6.5596,0.075,0.2837,1
TSLA,2019-Q4,2019-10-23,17.25,23.6886,SUBE,1,700.0,-133.3333,2.5405785163067436,-0.8957,14.502,2.1737,0,0.9438,0.0181,0.0381,0.9257,1.0,0.0,0.5,1,1.4514,0.7257,6.5367,0.0,0.0,1
TSLA,2020-Q1,2020-01-29,13.04,26.4566,SUBE,1,16.6667,283.33335,-0.25430455314715145,3.6001,31.7208,3.3375,1,0.0736,0.019,0.9074,0.0546,0.0,0.0,0.0,0,0.9498,0.4071,6.6039,0.0833,0.0,1
TSLA,2020-Q2,2020-04-29,1.66,-2.2398,SUBE,0,900.0,358.33335,3.35859311312323,11.9991,53.1715,6.1064,1,0.0526,0.0292,0.9182,0.0234,1.0,1.0,0.0,0,1.0249,0.4392,6.528,0.0227,0.1464,1
TSLA,2020-Q4,2020-10-21,0.91,-3.9324,SUBE,0,25.0,458.33335,-0.22022074794889734,-5.5323,-0.5398,3.1151,1,0.1462,0.0174,0.8364,0.1288,0.0,0.0,0.0,0,2.2398,0.527,6.6333,0.0667,0.0,1
TSLA,2021-Q1,2021-01-27,-5.4,-1.0959,BAJA,0,-22.8571,462.5,-0.4159597797554287,4.5634,33.4436,3.5835,1,0.0873,0.0367,0.876,0.0506,0.0,0.0,0.0,0,0.5298,0.5298,6.628,0.0426,0.0,1
TSLA,2021-Q2,2021-04-26,-3.38,-7.2203,BAJA,0,19.2308,1.0714500000000005,-0.2438171970086657,-1.4031,13.8993,3.3468,0,0.0645,0.0199,0.9156,0.0446,0.0,0.0,0.0,0,0.2903,0.2903,6.5367,0.0667,0.0,1
TSLA,2021-Q3,2021-07-26,0.22,7.9149,SUBE,1,50.0,-1.8131500000000003,-0.11796892334683655,-0.1304,-5.3602,1.8421,1,0.2138,0.0523,0.734,0.1615,0.0,3.0,-0.75,-1,1.2245,0.1361,6.6012,0.1346,0.5442,1
TSLA,2021-Q4,2021-10-20,3.44,19.8729,SUBE,1,14.8148,34.6154,-0.26187895930637367,7.2668,16.8912,1.3802,1,0.0435,0.0273,0.9292,0.0162,0.0,0.0,0.0,0,0.0,0.0,5.3519,0.0,0.0,1
TSLA,2022-Q1,2022-01-26,-9.72,-3.387,BAJA,0,7.5949,32.4074,-0.2914088772441505,-10.8791,-16.0466,4.4581,1,0.0,0.0,1.0,0.0,0.0,0.0,0.0,0,0.0,0.0,0.0,0.0,0.0,0
TSLA,2022-Q2,2022-04-20,-1.88,-9.7923,BAJA,0,42.6667,11.20485,-0.14796265556100824,5.3508,11.6147,3.4267,1,0.0517,0.0465,0.9019,0.0052,2.0,2.0,0.0,0,0.2751,0.0,6.5903,0.1569,0.8253,1
TSLA,2022-Q3,2022-07-20,10.66,11.0384,SUBE,1,26.6667,25.1308,-0.21340382330632715,5.346,13.2727,2.8671,1,0.8189,0.12,0.0611,0.6989,1.0,1.0,0.0,0,0.8658,0.5772,6.5425,0.0,0.1443,1
TSLA,2022-Q4,2022-10-19,-5.86,1.171,BAJA,0,5.0,34.6667,-0.30202220763054594,1.7044,-28.6788,4.1083,0,0.0,0.0,1.0,0.0,0.0,0.0,0.0,0,0.0,0.0,0.0,0.0,0.0,0
TSLA,2023-Q1,2023-01-25,11.38,25.6041,SUBE,1,7.2072,15.83335,-0.2929945985400792,9.4304,14.7906,5.6544,1,0.0,0.0,1.0,0.0,0.0,0.0,0.0,0,0.0,0.0,0.0,0.0,0.0,0
TSLA,2023-Q2,2023-04-19,-11.57,-14.8624,BAJA,0,0.0,6.1036,-0.3224725725509581,-1.3277,0.5784,2.7395,0,0.0,0.0,1.0,0.0,0.0,0.0,0.0,0,0.0,0.0,0.0,0.0,0.0,0
TSLA,2023-Q3,2023-07-19,-10.38,-9.2392,BAJA,0,10.9756,3.6036,-0.27758156750686297,8.729,12.5892,3.1151,1,0.0,0.0,1.0,0.0,0.0,0.0,0.0,0,0.0,0.0,0.0,0.0,0.0,0
TSLA,2023-Q4,2023-10-18,-13.63,-12.4691,BAJA,0,-9.589,5.4878,-0.3616922823953245,-3.3268,-4.3715,2.2635,1,0.0,0.0,1.0,0.0,0.0,0.0,0.0,0,0.0,0.0,0.0,0.0,0.0,0
TSLA,2024-Q1,2024-01-24,-12.68,-9.8831,BAJA,0,-4.0541,0.6932999999999998,-0.3390541374357267,-4.8975,-17.8232,1.7651,1,0.0,0.0,1.0,0.0,0.0,0.0,0.0,0,0.0,0.0,0.0,0.0,0.0,0
TSLA,2024-Q2,2024-04-23,14.14,26.6796,SUBE,1,-8.1633,-6.82155,-0.3558610653419182,-12.0324,-16.8472,2.8842,1,0.0,0.0,1.0,0.0,0.0,0.0,0.0,0,0.0,0.0,0.0,0.0,0.0,0
TSLA,2024-Q3,2024-07-23,-14.12,-9.6436,BAJA,0,-16.129,-6.1087,-0.3884413597112237,-0.4473,37.4296,4.1531,0,0.0,0.0,1.0,0.0,0.0,0.0,0.0,0,0.0,0.0,0.0,0.0,0.0,0
TSLA,2024-Q4,2024-10-23,19.5,20.5476,SUBE,1,24.0,-12.14615,-0.22431082093297977,-0.7287,-14.2762,2.7189,1,0.0,0.0,1.0,0.0,0.0,0.0,0.0,0,0.0,0.0,0.0,0.0,0.0,0
V,2020-Q2,2020-04-30,-3.42,2.2381,BAJA,0,2.963,0.0,-0.6924311696092081,9.1242,12.829,4.0296,1,0.8363,0.0076,0.1561,0.8287,1.0,0.0,0.5,1,0.4754,0.0,6.4489,0.0,0.0,1
V,2020-Q3,2020-07-28,0.85,-2.2619,SUBE,0,1.9231,2.963,-0.979920411550099,-0.786,4.0366,1.3075,0,0.0,0.0,1.0,0.0,0.0,0.0,0.0,0,0.0,0.0,0.0,0.0,0.0,0
V,2020-Q4,2020-10-28,-2.73,7.2428,BAJA,1,1.8182,2.44305,-1.008920913021009,-3.8644,-4.7032,1.1963,1,0.0,0.0,1.0,0.0,0.0,0.0,0.0,0,0.0,0.0,0.0,0.0,0.0,0
V,2021-Q1,2021-01-28,-0.88,5.5645,BAJA,1,10.9375,1.87065,1.5121875051264724,-5.359,-8.3055,1.505,1,0.3816,0.0156,0.6028,0.366,3.0,1.0,0.4,1,1.6529,0.8264,6.5889,0.0294,0.1377,1
V,2021-Q2,2021-04-28,3.02,-1.8162,SUBE,0,8.6614,6.37785,0.8829402086732927,2.9694,7.1792,0.9047,1,0.0,0.0,1.0,0.0,0.0,0.0,0.0,0,0.0,0.0,0.0,0.0,0.0,0
V,2021-Q3,2021-07-27,-1.32,-5.5155,BAJA,0,10.3704,9.79945,1.3554078637141451,4.093,5.4483,1.2087,1,0.0,0.0,1.0,0.0,0.0,0.0,0.0,0,0.0,0.0,0.0,0.0,0.0,0
V,2021-Q4,2021-10-26,-7.74,-9.7835,BAJA,0,5.1948,9.5159,-0.07543098674193222,1.4004,1.8641,1.5438,1,0.3412,0.0277,0.6311,0.3135,0.0,0.0,0.0,0,1.1749,0.5222,6.6425,0.0577,0.0,1
V,2022-Q1,2022-01-27,10.75,12.3163,SUBE,1,6.4706,7.7826,0.2772748261902619,-4.1038,-5.5859,1.4351,1,0.0,0.0,1.0,0.0,0.0,0.0,0.0,0,0.0,0.0,0.0,0.0,0.0,0
V,2022-Q2,2022-04-26,1.98,3.7096,SUBE,1,8.4848,5.8327,0.8341176294572513,-1.5105,-3.8822,1.7235,1,0.2222,0.0359,0.7419,0.1863,2.0,1.0,0.25,1,1.7931,0.8276,6.5876,0.0465,0.2759,1
V,2022-Q3,2022-07-26,-1.77,-2.9319,BAJA,0,13.1429,7.4777000000000005,2.121889182380478,3.4072,4.2626,1.306,1,0.0,0.0,1.0,0.0,0.0,0.0,0.0,0,0.0,0.0,0.0,0.0,0.0,0
V,2022-Q4,2022-10-25,6.62,6.4564,SUBE,1,3.2086,10.813849999999999,-0.6245329507221201,2.9474,5.6038,1.4434,1,0.2029,0.03,0.7671,0.1729,2.0,0.0,0.6667,1,1.0929,0.4098,6.5971,0.0263,0.0,1
V,2023-Q1,2023-01-26,2.91,2.1583,SUBE,0,8.4577,8.175749999999999,0.8266256028618115,2.4788,9.2649,1.1455,1,0.3762,0.0118,0.612,0.3644,0.0,0.0,0.0,0,1.0989,0.1374,6.5917,0.0278,0.1374,1
V,2023-Q2,2023-04-25,-1.98,-1.1368,BAJA,0,5.0251,5.833150000000001,-0.12234600199086876,-0.3084,5.3022,0.8848,0,0.0,0.0,1.0,0.0,0.0,0.0,0.0,0,0.0,0.0,0.0,0.0,0.0,0
V,2023-Q3,2023-07-25,-1.51,0.4566,BAJA,0,1.8868,6.7414000000000005,-0.9899558567683453,-1.332,4.8747,0.8962,0,0.0,0.0,1.0,0.0,0.0,0.0,0.0,0,0.0,0.0,0.0,0.0,0.0,0
V,2023-Q4,2023-10-24,2.3,0.1918,SUBE,0,4.0179,3.45595,-0.4007950494789593,-3.5573,-0.7842,0.8626,1,0.0,0.0,1.0,0.0,0.0,0.0,0.0,0,0.0,0.0,0.0,0.0,0.0,0
V,2024-Q1,2024-01-23,0.17,2.1713,SUBE,0,2.9915,2.95235,-0.684552101049428,2.6612,5.4801,0.4591,1,0.0,0.0,1.0,0.0,0.0,0.0,0.0,0,0.0,0.0,0.0,0.0,0.0,0
V,2024-Q2,2024-04-23,0.99,-2.0065,SUBE,0,3.2922,3.5046999999999997,-0.6014210162800984,0.3871,-3.8586,0.679,0,0.0,0.0,1.0,0.0,0.0,0.0,0.0,0,0.0,0.0,0.0,0.0,0.0,0
V,2024-Q3,2024-07-23,-5.06,-0.6383,BAJA,0,0.0,3.14185,-1.5115778412803877,-0.2757,-2.7287,1.1828,1,0.0,0.0,1.0,0.0,0.0,0.0,0.0,0,0.0,0.0,0.0,0.0,0.0,0
V,2024-Q4,2024-10-22,-1.08,-1.0218,BAJA,0,5.0388,1.6461,-0.11855851991125513,2.1982,-0.6167,1.0257,0,0.0,0.0,1.0,0.0,0.0,0.0,0.0,0,0.0,0.0,0.0,0.0,0.0,0
