ticker,fecha_earnings,precio_antes,precio_despues,retorno_pct,direccion,momentum_5d,momentum_20d,volatility_20d
AAPL,2020-01-28,74.47,78.18,4.98,SUBE,-3.0684,6.5675,1.3268
AAPL,2020-04-30,69.52,69.85,0.47,SUBE,4.2123,13.1503,2.867
AAPL,2020-07-30,92.11,102.98,11.81,SUBE,-2.2951,4.2105,1.7631
AAPL,2020-10-29,107.96,105.69,-2.1,BAJA,-4.8516,-3.9807,2.5351
AAPL,2021-01-27,139.23,133.33,-4.24,BAJA,11.9925,8.4792,2.1102
AAPL,2021-04-28,130.9,130.01,-0.68,BAJA,0.9616,10.7093,1.36
AAPL,2021-07-27,145.36,141.45,-2.69,BAJA,4.5911,11.93,1.3615
AAPL,2021-10-28,145.44,146.37,0.64,SUBE,-0.2747,4.2149,1.0185
AAPL,2022-01-27,156.26,166.67,6.66,SUBE,-3.9343,-10.932,1.2995
AAPL,2022-04-28,153.4,154.46,0.69,SUBE,-6.3745,-12.5112,1.7171
AAPL,2022-07-28,153.85,159.46,3.65,SUBE,2.4503,14.0789,1.5989
AAPL,2022-10-27,146.75,153.03,4.28,SUBE,3.8162,-0.327,2.2011
AAPL,2023-02-02,143.13,152.06,6.24,SUBE,2.5166,16.2789,1.3092
AAPL,2023-05-04,165.06,171.09,3.65,SUBE,2.2533,1.0988,1.2407
AAPL,2023-08-03,190.09,179.64,-5.5,BAJA,-0.9871,0.6533,0.8502
AAPL,2023-11-02,171.95,174.6,1.54,SUBE,1.6774,0.1785,1.1093
AAPL,2024-02-01,182.5,183.94,0.79,SUBE,-5.1928,-0.6679,1.3621
AAPL,2024-05-02,167.77,181.73,8.32,SUBE,0.1656,-0.2063,1.5869
AAPL,2024-08-01,220.38,218.17,-1.0,BAJA,1.6198,0.8217,1.4989
AAPL,2024-10-31,228.6,221.46,-3.12,BAJA,-0.286,1.464,1.2102
MSFT,2020-01-29,156.74,163.68,4.42,SUBE,-0.6246,4.089,1.1378
MSFT,2020-04-29,161.3,170.23,5.54,SUBE,1.1858,5.9789,2.8919
MSFT,2020-07-22,198.85,192.93,-2.97,BAJA,0.192,4.0784,1.8766
MSFT,2020-10-28,203.62,195.48,-4.0,BAJA,-0.6522,2.8901,1.7214
MSFT,2021-01-26,219.74,222.97,1.47,SUBE,7.9379,3.8503,1.5992
MSFT,2021-04-27,250.97,244.27,-2.67,BAJA,1.086,10.6013,1.2577
MSFT,2021-07-27,278.0,275.28,-0.98,BAJA,4.3464,9.0672,0.8976
MSFT,2021-10-26,296.92,311.41,4.88,SUBE,0.2733,4.7455,1.1431
MSFT,2022-01-25,286.11,286.44,0.11,SUBE,-4.4584,-11.4494,1.5164
MSFT,2022-04-26,271.56,273.98,0.89,SUBE,0.0713,-7.5606,1.9475
MSFT,2022-07-26,250.97,260.58,3.83,SUBE,1.8014,-3.3134,1.6515
MSFT,2022-10-25,240.25,224.77,-6.44,BAJA,4.0921,4.1272,2.5016
MSFT,2023-01-24,236.38,234.46,-0.81,BAJA,1.4003,-0.7569,1.9853
MSFT,2023-04-25,275.25,288.54,4.83,SUBE,-2.4342,0.4277,1.3126
MSFT,2023-07-25,337.86,330.68,-2.13,BAJA,-0.1793,3.0117,1.474
MSFT,2023-10-24,323.09,334.22,3.45,SUBE,-0.9981,3.7098,1.24
MSFT,2024-01-30,402.78,390.85,-2.96,BAJA,3.3316,9.1772,0.8739
MSFT,2024-04-25,402.88,400.18,-0.67,BAJA,-0.675,-2.9859,1.0813
MSFT,2024-07-30,421.04,412.77,-1.96,BAJA,-3.6596,-4.524,1.4569
MSFT,2024-10-30,426.96,401.65,-5.93,BAJA,1.0386,2.6765,0.8237
GOOGL,2020-04-28,63.02,66.56,5.61,SUBE,0.7699,14.4651,2.9653
GOOGL,2020-07-28,75.84,75.55,-0.39,BAJA,-2.2004,12.2484,1.4503
GOOGL,2020-10-29,74.92,80.14,6.97,SUBE,-4.7409,3.0841,2.2367
GOOGL,2021-02-02,93.88,102.1,8.76,SUBE,-0.0639,8.0125,2.3037
GOOGL,2021-04-27,114.55,116.99,2.13,SUBE,0.8809,14.0858,1.4065
GOOGL,2021-07-27,132.94,134.98,1.54,SUBE,7.5912,9.4087,1.2058
GOOGL,2021-10-26,136.32,145.02,6.38,SUBE,-3.7338,-2.5696,1.4689
GOOGL,2022-02-01,134.19,146.79,9.38,SUBE,3.4399,-6.5919,1.9182
GOOGL,2022-04-26,122.07,113.36,-7.13,BAJA,-3.6048,-13.1281,2.0224
GOOGL,2022-07-26,106.63,112.13,5.16,SUBE,-1.3941,-8.8705,2.6213
GOOGL,2022-10-25,101.68,94.15,-7.4,BAJA,2.5508,4.4311,1.9678
GOOGL,2023-02-02,99.61,103.92,4.33,SUBE,5.4715,12.6908,2.1197
GOOGL,2023-04-25,105.1,102.86,-2.13,BAJA,0.0,0.5026,1.6446
GOOGL,2023-07-25,120.53,128.21,6.37,SUBE,-2.503,-0.6621,1.6617
GOOGL,2023-10-24,135.38,124.58,-7.98,BAJA,-1.8692,4.111,1.334
GOOGL,2024-01-30,152.25,138.95,-8.74,BAJA,5.151,9.4701,1.1223
GOOGL,2024-04-25,157.83,170.54,8.06,SUBE,2.3542,5.6149,1.4212
GOOGL,2024-07-23,180.39,171.41,-4.98,BAJA,-2.6055,1.1357,1.5557
GOOGL,2024-10-29,165.76,173.46,4.64,SUBE,1.6152,0.5246,1.0426
META,2020-04-29,181.49,203.12,11.92,SUBE,7.0902,10.22,3.1362
META,2020-07-29,228.33,232.67,1.9,SUBE,-4.8108,4.2966,1.8123
META,2020-10-29,265.59,261.06,-1.7,BAJA,-3.968,2.2031,2.5626
META,2021-01-27,279.85,262.94,-6.05,BAJA,8.0237,5.4787,2.107
META,2021-04-28,301.21,326.94,8.54,SUBE,0.304,4.3842,1.4695
META,2021-07-28,364.95,355.53,-2.58,BAJA,7.6538,3.422,1.6665
META,2021-10-25,322.08,313.35,-2.71,BAJA,-0.0462,-8.0321,2.1668
META,2022-02-02,316.52,235.91,-25.47,BAJA,6.2802,-5.7718,2.4168
META,2022-04-27,179.54,204.13,13.69,SUBE,-16.7319,-19.0706,2.8794
META,2022-07-27,157.91,159.47,0.99,SUBE,-9.4607,-6.1007,3.4454
META,2022-10-26,136.44,97.18,-28.78,BAJA,3.5467,2.314,2.7697
META,2023-02-01,147.81,187.3,26.72,SUBE,4.073,23.791,1.9815
META,2023-04-26,205.93,236.7,14.94,SUBE,-4.7455,2.322,1.4504
META,2023-07-26,292.18,309.28,5.85,SUBE,-5.6337,5.7457,1.9097
META,2023-10-25,310.12,286.1,-7.74,BAJA,-3.534,4.5458,1.816
META,2024-01-31,396.94,391.71,-1.32,BAJA,3.8577,13.0241,1.2639
META,2024-04-24,492.76,438.41,-11.03,BAJA,-0.7323,-1.3757,1.8736
META,2024-07-31,460.53,494.88,7.46,SUBE,-5.218,-8.2211,2.8824
META,2024-10-30,590.43,564.86,-4.33,BAJA,1.9364,2.916,1.4701
NFLX,2020-04-21,43.75,42.14,-3.67,BAJA,10.2768,31.4455,3.4077
NFLX,2020-07-16,52.33,49.3,-5.78,BAJA,4.0734,19.978,3.155
NFLX,2020-10-20,53.07,48.9,-7.85,BAJA,-1.6839,8.8991,2.8494
NFLX,2021-01-19,49.8,58.63,17.74,SUBE,-2.4334,-5.1159,1.9257
NFLX,2021-04-20,55.44,50.89,-8.21,BAJA,0.3003,8.251,1.7193
NFLX,2021-07-20,53.23,51.36,-3.5,BAJA,-0.9361,6.2923,1.1736
NFLX,2021-10-19,63.8,62.51,-2.01,BAJA,1.7431,10.8684,1.7072
NFLX,2022-01-20,51.59,39.75,-22.94,BAJA,-4.6187,-13.1169,1.555
NFLX,2022-04-19,33.79,22.62,-33.05,BAJA,-5.0635,-11.2296,2.285
NFLX,2022-07-19,19.09,21.64,13.37,SUBE,7.6576,10.1356,3.4307
NFLX,2022-10-18,24.51,27.24,11.13,SUBE,6.5745,0.6034,4.1022
NFLX,2023-01-19,32.63,34.25,4.96,SUBE,-0.3694,12.2528,2.3579
NFLX,2023-04-18,33.27,32.31,-2.89,BAJA,-1.8496,9.6277,2.8974
NFLX,2023-07-19,47.48,43.74,-7.87,BAJA,7.8576,9.9176,1.9326
NFLX,2023-10-18,35.57,40.18,12.95,SUBE,-4.7145,-10.2171,1.3926
NFLX,2024-01-23,48.57,54.49,12.18,SUBE,-1.3106,-0.7276,1.4727
NFLX,2024-04-18,61.37,55.5,-9.56,BAJA,-0.7905,-1.1357,1.6263
NFLX,2024-07-17,65.63,64.3,-2.02,BAJA,-4.2902,-1.9511,1.3749
NFLX,2024-10-16,70.6,68.76,-2.6,BAJA,-2.1863,-0.1316,1.4053
TSLA,2019-07-24,17.34,15.25,-12.05,BAJA,3.0866,16.3343,1.7843
TSLA,2019-10-23,17.04,19.98,17.25,SUBE,-0.8957,14.502,2.1737
TSLA,2020-01-29,37.79,42.72,13.04,SUBE,3.6001,31.7208,3.3375
TSLA,2020-04-29,51.27,52.13,1.66,SUBE,11.9991,53.1715,6.1064
TSLA,2020-10-21,140.65,141.93,0.91,SUBE,-5.5323,-0.5398,3.1151
TSLA,2021-01-27,294.36,278.48,-5.4,BAJA,4.5634,33.4436,3.5835
TSLA,2021-04-26,243.13,234.91,-3.38,BAJA,-1.4031,13.8993,3.3468
TSLA,2021-07-26,214.46,214.93,0.22,SUBE,-0.1304,-5.3602,1.8421
TSLA,2021-10-20,288.09,298.0,3.44,SUBE,7.2668,16.8912,1.3802
TSLA,2022-01-26,306.13,276.37,-9.72,BAJA,-10.8791,-16.0466,4.4581
TSLA,2022-04-20,342.72,336.26,-1.88,BAJA,5.3508,11.6147,3.4267
TSLA,2022-07-20,245.53,271.71,10.66,SUBE,5.346,13.2727,2.8671
TSLA,2022-10-19,220.19,207.28,-5.86,BAJA,1.7044,-28.6788,4.1083
TSLA,2023-01-25,143.89,160.27,11.38,SUBE,9.4304,14.7906,5.6544
TSLA,2023-04-19,184.31,162.99,-11.57,BAJA,-1.3277,0.5784,2.7395
TSLA,2023-07-19,293.34,262.9,-10.38,BAJA,8.729,12.5892,3.1151
TSLA,2023-10-18,254.85,220.11,-13.63,BAJA,-3.3268,-4.3715,2.2635
TSLA,2024-01-24,209.14,182.63,-12.68,BAJA,-4.8975,-17.8232,1.7651
TSLA,2024-04-23,142.05,162.13,14.14,SUBE,-12.0324,-16.8472,2.8842
TSLA,2024-07-23,251.51,215.99,-14.12,BAJA,-0.4473,37.4296,4.1531
TSLA,2024-10-23,217.97,260.48,19.5,SUBE,-0.7287,-14.2762,2.7189
AMZN,2020-04-30,118.64,114.3,-3.65,BAJA,0.3901,21.6949,2.5376
AMZN,2020-07-30,151.68,158.23,4.32,SUBE,-2.1414,9.9575,2.9717
AMZN,2020-10-29,158.14,151.81,-4.0,BAJA,-0.6958,0.4462,2.3732
AMZN,2021-02-04,165.63,167.61,1.2,SUBE,2.4733,2.9212,1.8919
AMZN,2021-04-29,172.93,173.37,0.26,SUBE,2.8697,13.1971,1.2626
AMZN,2021-08-05,167.74,167.25,-0.29,BAJA,-7.5916,-9.248,1.9456
AMZN,2021-10-28,169.62,168.62,-0.59,BAJA,-0.6609,2.7678,1.4875
AMZN,2022-02-03,150.61,157.64,4.67,SUBE,8.4538,-10.0939,2.3457
AMZN,2022-04-28,138.17,124.28,-10.05,BAJA,-10.28,-18.3965,2.3753
AMZN,2022-07-28,120.97,134.95,11.56,SUBE,-1.4662,12.635,2.8224
AMZN,2022-10-27,115.66,103.41,-10.59,BAJA,0.5127,-1.9914,2.9592
AMZN,2023-02-02,105.15,103.39,-1.67,BAJA,8.2013,22.5239,2.3419
AMZN,2023-04-27,104.98,105.45,0.45,SUBE,0.652,7.9597,2.0689
AMZN,2023-08-03,128.21,139.57,8.86,SUBE,0.0468,-1.6644,1.8071
AMZN,2023-10-26,121.39,127.74,5.23,SUBE,-5.2603,-3.6434,2.1668
AMZN,2024-02-01,155.2,171.81,10.7,SUBE,-1.0646,3.515,1.3957
AMZN,2024-05-02,179.0,186.21,4.03,SUBE,1.3647,-1.8694,1.8535
AMZN,2024-08-01,186.98,167.9,-10.2,BAJA,3.401,-6.51,1.5632
AMZN,2024-10-31,192.73,197.93,2.7,SUBE,4.3419,4.3137,1.3183
NVDA,2019-08-15,3.73,3.96,6.32,SUBE,-2.4823,-11.5727,2.6465
NVDA,2019-11-14,5.19,5.08,-2.1,BAJA,0.4528,7.3941,1.6511
NVDA,2020-02-13,6.78,7.21,6.33,SUBE,8.6856,10.2151,2.1673
NVDA,2020-05-21,8.93,8.99,0.63,SUBE,15.2957,25.3888,2.4249
NVDA,2020-08-19,12.22,12.1,-0.98,BAJA,13.0023,18.708,2.5259
NVDA,2020-11-18,13.38,13.4,0.13,SUBE,5.1077,-1.6361,3.7278
NVDA,2021-02-24,14.1,13.27,-5.9,BAJA,-7.751,3.5798,2.6205
NVDA,2021-05-26,15.61,15.45,-1.02,BAJA,11.644,1.7293,2.4481
NVDA,2021-08-25,21.74,22.02,1.26,SUBE,12.0002,13.458,2.3466
NVDA,2021-11-17,30.14,31.61,4.87,SUBE,-1.4809,35.5002,3.3591
NVDA,2022-02-16,26.44,24.46,-7.5,BAJA,5.5241,2.2854,4.4549
NVDA,2022-05-25,16.12,17.82,10.51,SUBE,-11.1295,-14.0196,5.3809
NVDA,2022-08-24,17.15,17.88,4.26,SUBE,-8.9941,3.9194,3.2106
NVDA,2022-11-16,16.64,15.66,-5.93,BAJA,14.1351,39.2663,4.1919
NVDA,2023-02-22,20.63,23.64,14.57,SUBE,-5.2001,7.6174,3.6475
NVDA,2023-05-24,30.66,37.95,23.76,SUBE,5.0491,16.9468,2.271
NVDA,2023-08-23,45.63,47.13,3.27,SUBE,3.9326,-0.0241,3.3353
NVDA,2023-11-21,50.37,48.68,-3.36,BAJA,3.6796,17.2984,2.1718
NVDA,2024-02-21,69.41,78.49,13.08,SUBE,-3.87,16.4247,2.464
NVDA,2024-05-22,95.33,103.74,8.82,SUBE,4.4113,15.7274,2.5971
NVDA,2024-08-28,128.24,117.53,-8.35,BAJA,0.8251,23.6865,4.1267
AMD,2020-10-27,82.23,76.4,-7.09,BAJA,0.2805,3.46,2.443
AMD,2021-01-26,94.13,88.84,-5.62,BAJA,6.7113,2.8181,2.2674
AMD,2021-04-27,85.41,84.02,-1.63,BAJA,5.3014,10.3346,2.8449
AMD,2021-07-27,91.82,97.93,6.65,SUBE,6.0522,7.2413,2.0467
AMD,2021-10-26,122.36,122.28,-0.07,BAJA,5.0932,13.1287,1.7602
AMD,2022-02-01,114.25,122.76,7.45,SUBE,-1.9566,-20.6046,3.879
AMD,2022-05-03,89.84,99.42,10.66,SUBE,-0.9373,-16.9609,3.5175
AMD,2022-08-02,96.78,98.09,1.35,SUBE,10.5552,31.3696,2.7166
AMD,2022-11-01,60.06,58.63,-2.38,BAJA,2.3169,-9.1514,4.1743
AMD,2023-01-31,72.45,84.64,16.83,SUBE,-5.3312,11.7711,3.2326
AMD,2023-04-25,87.57,85.94,-1.86,BAJA,-2.5593,-10.5972,1.5897
AMD,2023-08-01,114.4,109.35,-4.41,BAJA,3.4265,0.4302,1.944
AMD,2023-10-31,96.18,108.04,12.33,SUBE,-3.8296,-6.8655,2.5053
AMD,2024-01-30,177.83,167.69,-5.7,BAJA,5.7379,19.5415,3.6025
AMD,2024-04-30,160.2,144.27,-9.94,BAJA,7.7772,-12.6214,3.2322
AMD,2024-07-30,139.75,144.48,3.38,SUBE,-10.3419,-13.8463,3.7587
AMD,2024-10-29,159.92,148.6,-7.08,BAJA,1.2793,-2.5354,2.3358
JPM,2020-10-13,89.11,87.18,-2.17,BAJA,3.433,0.8984,1.5037
JPM,2021-01-15,123.69,120.94,-2.22,BAJA,3.9008,18.1738,1.7016
JPM,2021-04-14,135.8,134.11,-1.25,BAJA,1.0161,-0.2397,1.3258
JPM,2021-07-13,140.05,137.5,-1.82,BAJA,1.2626,-0.8606,1.5377
JPM,2021-10-13,147.46,145.77,-1.14,BAJA,-1.9566,5.9123,1.573
JPM,2022-01-14,150.91,135.7,-10.08,BAJA,1.6373,7.1536,1.3768
JPM,2022-04-13,118.87,113.98,-4.12,BAJA,-1.3499,0.0265,1.2711
JPM,2022-07-14,102.03,102.98,0.93,SUBE,0.0179,-2.6641,1.4684
JPM,2022-10-14,100.61,106.58,5.93,SUBE,1.1374,-6.3812,2.5272
JPM,2023-01-13,129.26,130.47,0.94,SUBE,3.0587,4.8034,0.9509
JPM,2023-04-14,120.47,130.59,8.4,SUBE,1.0814,1.3584,1.5611
JPM,2023-07-14,139.99,144.23,3.03,SUBE,3.9522,5.5431,1.1564
JPM,2023-10-13,138.12,140.06,1.4,SUBE,2.0364,-1.584,0.8352
JPM,2024-01-12,162.32,160.12,-1.36,BAJA,-0.6476,6.7469,0.7335
JPM,2024-04-12,187.36,175.33,-6.42,BAJA,-0.1125,2.7119,0.9385
JPM,2024-07-12,199.98,202.49,1.25,SUBE,-0.0434,7.3264,0.8995
JPM,2024-10-11,206.44,214.82,4.06,SUBE,4.3436,3.6516,1.1607
V,2020-04-30,174.14,168.18,-3.42,BAJA,9.1242,12.829,4.0296
V,2020-07-28,188.94,190.54,0.85,SUBE,-0.786,4.0366,1.3075
V,2020-10-28,182.64,177.65,-2.73,BAJA,-3.8644,-4.7032,1.1963
V,2021-01-28,187.64,185.98,-0.88,BAJA,-5.359,-8.3055,1.505
V,2021-04-28,221.61,228.31,3.02,SUBE,2.9694,7.1792,0.9047
V,2021-07-27,241.57,238.37,-1.32,BAJA,4.093,5.4483,1.2087
V,2021-10-26,226.07,208.58,-7.74,BAJA,1.4004,1.8641,1.5438
V,2022-01-27,199.35,220.78,10.75,SUBE,-4.1038,-5.5859,1.4351
V,2022-04-26,203.63,207.66,1.98,SUBE,-1.5105,-3.8822,1.7235
V,2022-07-26,208.22,204.52,-1.77,BAJA,3.4072,4.2626,1.306
V,2022-10-25,185.65,197.93,6.62,SUBE,2.9474,5.6038,1.4434
V,2023-01-26,219.42,225.8,2.91,SUBE,2.4788,9.2649,1.1455
V,2023-04-25,227.53,223.03,-1.98,BAJA,-0.3084,5.3022,0.8848
V,2023-07-25,235.79,232.23,-1.51,BAJA,-1.332,4.8747,0.8962
V,2023-10-24,227.2,232.42,2.3,SUBE,-3.5573,-0.7842,0.8626
V,2024-01-23,266.69,267.14,0.17,SUBE,2.6612,5.4801,0.4591
V,2024-04-23,268.31,270.96,0.99,SUBE,0.3871,-3.8586,0.679
V,2024-07-23,264.24,250.88,-5.06,BAJA,-0.2757,-2.7287,1.1828
V,2024-10-22,283.7,280.65,-1.08,BAJA,2.1982,-0.6167,1.0257
MA,2020-10-28,307.27,284.08,-7.55,BAJA,-4.4043,-5.5768,1.4858
MA,2021-01-28,306.08,306.86,0.25,SUBE,-5.7986,-8.2968,1.9952
MA,2021-04-29,384.31,371.11,-3.43,BAJA,3.2759,10.5861,1.034
MA,2021-07-29,372.89,375.32,0.65,SUBE,0.8893,4.3184,1.9016
MA,2021-10-28,326.89,326.7,-0.06,BAJA,-5.9002,-4.8263,2.3198
MA,2022-01-27,336.04,372.94,10.98,SUBE,-4.4548,-4.3427,1.5346
MA,2022-04-26,346.21,353.02,1.97,SUBE,-0.6166,1.7398,1.9675
MA,2022-07-26,336.58,335.66,-0.27,BAJA,3.9878,4.3079,1.422
MA,2022-10-27,312.93,322.69,3.12,SUBE,7.3045,10.2851,1.9075
MA,2023-01-26,375.13,366.93,-2.19,BAJA,3.6512,11.4699,1.5365
MA,2023-04-25,368.19,360.36,-2.13,BAJA,0.5285,6.7366,0.7774
MA,2023-07-25,398.3,395.96,-0.59,BAJA,0.6439,6.7311,0.887
MA,2023-10-25,381.26,359.26,-5.77,BAJA,-3.6986,-2.0004,0.943
MA,2024-01-25,432.97,432.81,-0.04,BAJA,2.6391,3.6056,0.6383
MA,2024-04-29,457.02,445.93,-2.43,BAJA,1.5437,-3.8436,0.8332
MA,2024-07-25,428.03,433.7,1.33,SUBE,-4.1471,-4.9511,1.2495
MA,2024-10-29,503.68,509.11,1.08,SUBE,-1.3204,3.055,0.6796
